Project Name,PrimeOS,,,,,,,,,,,,
Document Name,PrimeOS Pitch Roadmap,,,,,,,,,,,,
Project Manager,Quan Nguyen,,,,,,,,,,,,
Project Term,Prime Commerce,,,,,,,,,,,,
Audience,CR Global / Masuda,,,,,,,,,,,,
,,,,,,,,,,,,,
Month,Phase,Main Focus,What We Do,Output For Pitch,Why It Matters,May 2026,Jun 2026,Jul 2026,Aug 2026,Sep 2026,Oct 2026,Nov 2026,Dec 2026
May 2026,Preparation,Lock story and demo scope,"Finalize PrimeOS positioning, CR/Masuda pitch story, competitor angle, MVP scope, roadmap, and demo flow","Clear story: PrimeOS is a commerce operating system plus intelligence layer","Makes the product simple to understand before discussing features",Prepare,,,,,,,
Jun 2026,Phase 1: MVP,Build the product foundation,"Set up Intelligence hub, Product Master, basic COS structure, CRM/RFQ flow, Customer timeline, and finance readiness concept","Foundation of the operating loop is visible","Shows PrimeOS has the core pieces needed to connect insight, commerce, customer, and evidence",,MVP Build,,,,,,
Jul 2026,Phase 1: MVP,Connect the operating loop,"Connect market signal to product setup, lead/RFQ, customer context, order flow, and evidence pack","One end-to-end journey can be demonstrated","Proves PrimeOS is not a disconnected dashboard or single-function tool",,,Loop Build,,,,,
Aug 2026,Phase 1: MVP,Complete MVP demo,"Polish the MVP, prepare demo data, validate the flow, and create the CR/Masuda demo script","Defensible MVP demo: signal -> demand -> customer -> order -> finance readiness","Gives CR a concrete product to react to, not only a concept",,,,MVP Demo,,,,
Sep 2026,Phase 2: CR Internal Use,Start CR internal pilot,"Give CR internal team access, onboard first users, collect usage feedback, identify missing workflows, and test role-based views","CR team starts using PrimeOS internally","Moves PrimeOS from demo to real internal workflow validation",,,,,Internal Use,,,
Oct 2026,Phase 2: CR Internal Use,Test and improve features,"Improve AI operator draft/recommendation flow, CR workflow integration, reporting, crm/RFQ process, and customer/order visibility based on internal feedback","Product improves through real CR usage","Reduces risk before external market launch",,,,,,Test + Improve,,
Nov 2026,Phase 2: CR Internal Use,Stabilize for launch,"Finalize Standard/Pro/Enterprise packages, support process, onboarding flow, SLA assumptions, pilot case study, and launch material","Launch-ready product and commercial package","Turns internal validation into a market-ready offering",,,,,,,Launch Prep,
Dec 2026,Market Launch,Launch to market,"Open PrimeOS to selected market customers, start seller onboarding, run commercial pilots, collect first pipeline and usage evidence","PrimeOS market launch with CR-backed pilot pipeline","Begins external validation of subscription, service, GMV, and future finance upside",,,,,,,,Launch
,,,,,,,,,,,,,
Pitch Summary,May 2026,Preparation,"We use May to lock the story, scope, demo journey, and CR/Masuda pitch angle.",,,,,,,,,,
Pitch Summary,Jun-Aug 2026,Phase 1 MVP,"In the first 3 months, PrimeOS builds a defensible MVP that proves the full operating loop works.",,,,,,,,,,
Pitch Summary,Sep-Nov 2026,Phase 2 CR Internal Use,"In the next 3 months, CR uses PrimeOS internally, tests real workflows, gives feedback, and the product is adjusted before public launch.",,,,,,,,,,
Pitch Summary,Dec 2026,Market Launch,"In December, PrimeOS launches to selected market customers with packages, onboarding, support, and pilot pipeline ready.",,,,,,,,,,
