Project Name,PrimeOS,,,,,,,,,,,,,,
Document Name,Revenue Plan,,,,,,,,,,,,,,
Project Term,Prime Commerce,,,,,,,,,,,,,,
Date,May-25,,,,,,,,,,,,,,
,,,,,,,,,,,,,,,
Month,Phase,Main Focus,Revenue Model,What We Do,Output,Why It Matters,May 2026,Jun 2026,Jul 2026,Aug 2026,Sep 2026,Oct 2026,Nov 2026,Dec 2026,Jan 2027
May 2026,Preparation,Define monetization logic,Subscription + success fee,"Define revenue story; separate platform subscription from transaction upside; set base pricing; define success-fee logic for Japan domestic and Amazon US sales; prepare simple revenue examples",Clear monetization narrative: monthly platform usage + sales growth upside,Makes PrimeOS easier to evaluate as a business platform,Revenue Story,,,,,,,,
Jun 2026,Align between PC & CR,Align pricing and commercial model,Subscription + pilot economics,"Discuss Standard and Pro packages; align seller/factory target users; confirm what CR can charge; discuss fee base; define pilot revenue assumptions",Shared agreement between PC and CR on pricing model and pilot economics,Prevents confusion before product and sales execution,,Pricing Alignment,,,,,,,
Jul 2026,Phase 1: MVP,Build subscription-ready product,Subscription,"Prepare Standard plan scope; prepare Pro plan scope; connect seller/factory account structure; prepare billing logic concept; map modules to paid packages","Subscription packages are visible: Standard ¥3,200 / Seller / month; Pro ¥15,900 / Factory / month",Shows that the MVP can become a paid platform,,,Subscription Setup,,,,,,
Aug 2026,Phase 1: MVP,Define sales uplift tracking,Success fee from increased sales,"Define baseline sales before PrimeOS/manual operation; define monthly/quarterly/yearly uplift tracking; separate Japan domestic and Amazon US sales; define 2% success-fee example; prepare sales uplift dashboard concept",Sales uplift model is ready for demo,"Shows PrimeOS can monetize business growth, not only software usage",,,,Uplift Model,,,,,
Sep 2026,Phase 1: MVP,Create revenue demo case,Subscription + 2% success fee example,"Prepare demo case for one seller and one factory; show old manual sales vs PrimeOS-supported sales; show Japan domestic uplift; show Amazon US uplift; calculate subscription plus 2% success fee",Defensible revenue demo showing platform fee plus upside from increased sales,Makes CR see recurring and performance-based revenue,,,,,Revenue Demo,,,,
Oct 2026,Phase 2: CR Internal Use,Start internal commercial validation,Internal pilot economics,"Let CR internal team review subscription packages; test seller/factory segmentation; collect pricing feedback; validate 2% fee base; identify billing and reporting requirements",CR validates whether pricing and success fee are realistic for the ecosystem,Reduces commercial risk before external launch,,,,,,Internal Validation,,,
Nov 2026,Phase 2: CR Internal Use,Improve pricing and reporting,Subscription + success reporting,"Adjust Standard and Pro package limits; improve sales uplift report; improve Japan domestic and Amazon US examples; define invoice/report format; define pilot commercial terms",Revenue model improves based on CR internal feedback,Turns revenue theory into an operational commercial model,,,,,,,Pricing Improve,,
Dec 2026,Phase 2: CR Internal Use,Finalize launch commercial package,Launch pricing + pilot terms,"Finalize package pages and sales material; confirm Standard ¥3,200 / Seller / month; confirm Pro ¥15,900 / Factory / month; confirm success fee example; prepare launch offer and pilot contract terms",Launch-ready monetization package,Ensures market launch has clear pricing and revenue logic,,,,,,,,Commercial Ready,
Jan 2027,Market Launch,Launch revenue model to market,Subscription + performance upside,"Open paid pilot to selected sellers/factories; start charging monthly subscription where applicable; track Japan domestic sales uplift; track Amazon US sales uplift; apply agreed success fee; collect first revenue evidence",PrimeOS starts generating revenue from subscription and sales-growth upside,Begins external validation of recurring and performance-based revenue,,,,,,,,,Revenue Launch
,,,,,,,,,,,,,,,
Pricing,Standard,Subscription,"¥3,200 / Seller / month","For sellers using PrimeOS to manage demand, product setup, RFQ/customer flow, and basic commerce operations",Recurring monthly SaaS revenue,Best fit for individual sellers or small teams,,,,,,,,,
Pricing,Pro,Subscription,"¥15,900 / Factory / month","For factories or brands needing stronger operating workflow, reporting, AI support, and cross-border growth",Higher-value monthly SaaS revenue,Best fit for manufacturers/factories selling domestically and overseas,,,,,,,,,
Pricing,Success Fee,Transaction / GMV upside,Example: 2% per order or 2% of incremental GMV,Applied to orders or sales increase generated through PrimeOS-supported workflows,Performance-based revenue,Connects PrimeOS revenue to actual seller/factory growth,,,,,,,,,
,,,,,,,,,,,,,,,
Revenue Example,Japan Domestic,Monthly uplift case,"Old manual sales: ¥1,000,000 / month; PrimeOS-supported sales: ¥1,300,000 / month; uplift: ¥300,000 / month","2% success fee on uplift = ¥6,000 / month, plus subscription",Example monthly revenue from one domestic seller/factory,Shows value beyond subscription,,,,,,,,,
Revenue Example,Japan Domestic,Quarterly uplift case,"Old manual sales: ¥3,000,000 / quarter; PrimeOS-supported sales: ¥3,900,000 / quarter; uplift: ¥900,000 / quarter","2% success fee on uplift = ¥18,000 / quarter, plus subscription",Example quarterly revenue from one domestic seller/factory,Useful for CR quarterly business review,,,,,,,,,
Revenue Example,Japan Domestic,Yearly uplift case,"Old manual sales: ¥12,000,000 / year; PrimeOS-supported sales: ¥15,600,000 / year; uplift: ¥3,600,000 / year","2% success fee on uplift = ¥72,000 / year, plus subscription",Example annual revenue from one domestic seller/factory,Shows long-term recurring and upside potential,,,,,,,,,
Revenue Example,Overseas Amazon US,Monthly uplift case,"Old manual sales: ¥1,500,000 / month; PrimeOS-supported sales: ¥2,100,000 / month; uplift: ¥600,000 / month","2% success fee on uplift = ¥12,000 / month, plus subscription",Example monthly overseas revenue upside,Shows PrimeOS value for cross-border Amazon US growth,,,,,,,,,
Revenue Example,Overseas Amazon US,Quarterly uplift case,"Old manual sales: ¥4,500,000 / quarter; PrimeOS-supported sales: ¥6,300,000 / quarter; uplift: ¥1,800,000 / quarter","2% success fee on uplift = ¥36,000 / quarter, plus subscription",Example quarterly overseas revenue upside,Useful for pilot success reporting,,,,,,,,,
Revenue Example,Overseas Amazon US,Yearly uplift case,"Old manual sales: ¥18,000,000 / year; PrimeOS-supported sales: ¥25,200,000 / year; uplift: ¥7,200,000 / year","2% success fee on uplift = ¥144,000 / year, plus subscription",Example annual overseas revenue upside,Shows why cross-border growth can become a larger revenue pool,,,,,,,,,
,,,,,,,,,,,,,,,
Summary,May-Jun 2026,Commercial design,Define monetization story package logic and CR alignment,PrimeOS revenue model is clear before MVP build,,,,,,,,,,,
Summary,Jul-Sep 2026,MVP revenue proof,Build subscription packaging and show sales uplift examples,PrimeOS can pitch both monthly SaaS and growth-based upside,,,,,,,,,,,
Summary,Oct-Dec 2026,Internal validation,CR tests pricing reporting package limits and success-fee assumptions,Revenue model is adjusted before market launch,,,,,,,,,,,
Summary,Jan 2027,Market launch,Launch paid pilots with subscription and agreed success fee,PrimeOS starts validating real revenue from sellers and factories,,,,,,,,,,,
